{
    "name": "root",
    "gauges": {
        "AmanAaditya.Policy.Entropy.mean": {
            "value": 0.32789281010627747,
            "min": 0.08438394218683243,
            "max": 0.7778685688972473,
            "count": 200
        },
        "AmanAaditya.Policy.ExtrinsicValueEstimate.mean": {
            "value": 1.1748554706573486,
            "min": 0.4742546081542969,
            "max": 2.5015690326690674,
            "count": 200
        },
        "AmanAaditya.Policy.CuriosityValueEstimate.mean": {
            "value": 0.6694628596305847,
            "min": 0.4993468225002289,
            "max": 1.0909321308135986,
            "count": 200
        },
        "AmanAaditya.Losses.PolicyLoss.mean": {
            "value": 0.07063559192508417,
            "min": 0.05827079805984634,
            "max": 0.0807437048480257,
            "count": 200
        },
        "AmanAaditya.Losses.ValueLoss.mean": {
            "value": 0.18750980157261332,
            "min": 0.011560037364848967,
            "max": 0.7580293120169218,
            "count": 200
        },
        "AmanAaditya.Policy.LearningRate.mean": {
            "value": 6.816997727999989e-07,
            "min": 6.816997727999989e-07,
            "max": 0.0002990352003216,
            "count": 200
        },
        "AmanAaditya.Policy.Epsilon.mean": {
            "value": 0.10022719999999999,
            "min": 0.10022719999999999,
            "max": 0.19967839999999998,
            "count": 200
        },
        "AmanAaditya.Policy.Beta.mean": {
            "value": 3.269727999999997e-05,
            "min": 3.269727999999997e-05,
            "max": 0.00996787216,
            "count": 200
        },
        "AmanAaditya.Losses.CuriosityForwardLoss.mean": {
            "value": 0.02318904822331045,
            "min": 0.004741804348190763,
            "max": 0.04876301910639193,
            "count": 200
        },
        "AmanAaditya.Losses.CuriosityInverseLoss.mean": {
            "value": 0.017211718575655302,
            "min": 0.004564794852793806,
            "max": 0.13296755889870623,
            "count": 200
        },
        "AmanAaditya.Environment.EpisodeLength.mean": {
            "value": 3999.0,
            "min": 3999.0,
            "max": 3999.0,
            "count": 200
        },
        "AmanAaditya.Environment.CumulativeReward.mean": {
            "value": 39.0,
            "min": 4.0,
            "max": 113.79999923706055,
            "count": 200
        },
        "AmanAaditya.Policy.ExtrinsicReward.mean": {
            "value": 39.0,
            "min": 4.0,
            "max": 113.79999923706055,
            "count": 200
        },
        "AmanAaditya.Policy.CuriosityReward.mean": {
            "value": 21.432960242033005,
            "min": 10.558413729115273,
            "max": 79.74199752509594,
            "count": 200
        },
        "AmanAaditya.IsTraining.mean": {
            "value": 1.0,
            "min": 1.0,
            "max": 1.0,
            "count": 200
        }
    },
    "metadata": {
        "timer_format_version": "0.1.0",
        "start_time_seconds": "1623349426",
        "python_version": "3.7.4 (default, Aug 13 2019, 20:35:49) \n[GCC 7.3.0]",
        "command_line_arguments": "/home/tonystark/anaconda3/bin/mlagents-learn ../MTP_Env/config.yaml --run-id=VD_1_1 --initialize-from=VD_1",
        "mlagents_version": "0.22.0",
        "mlagents_envs_version": "0.22.0",
        "communication_protocol_version": "1.2.0",
        "pytorch_version": "1.7.1",
        "numpy_version": "1.17.2",
        "end_time_seconds": "1623357114"
    },
    "total": 7688.181965662996,
    "count": 1,
    "self": 0.00932766598998569,
    "children": {
        "run_training.setup": {
            "total": 0.00574919801147189,
            "count": 1,
            "self": 0.00574919801147189
        },
        "TrainerController.start_learning": {
            "total": 7688.1668887989945,
            "count": 1,
            "self": 22.015970054650097,
            "children": {
                "TrainerController._reset_env": {
                    "total": 26.814618531992892,
                    "count": 1,
                    "self": 26.814618531992892
                },
                "TrainerController.advance": {
                    "total": 7639.298905967356,
                    "count": 1000129,
                    "self": 11.37805527402088,
                    "children": {
                        "env_step": {
                            "total": 7627.9208506933355,
                            "count": 1000129,
                            "self": 5430.68472688859,
                            "children": {
                                "SubprocessEnvManager._take_step": {
                                    "total": 2187.3360004813294,
                                    "count": 1000129,
                                    "self": 45.98463407161762,
                                    "children": {
                                        "TorchPolicy.evaluate": {
                                            "total": 2141.3513664097118,
                                            "count": 1000129,
                                            "self": 417.81276644313766,
                                            "children": {
                                                "TorchPolicy.sample_actions": {
                                                    "total": 1723.538599966574,
                                                    "count": 1000129,
                                                    "self": 1723.538599966574
                                                }
                                            }
                                        }
                                    }
                                },
                                "workers": {
                                    "total": 9.900123323415755,
                                    "count": 1000129,
                                    "self": 0.0,
                                    "children": {
                                        "worker_root": {
                                            "total": 7665.7239135422715,
                                            "count": 1000129,
                                            "is_parallel": true,
                                            "self": 2918.11877787899,
                                            "children": {
                                                "run_training.setup": {
                                                    "total": 0.0,
                                                    "count": 0,
                                                    "is_parallel": true,
                                                    "self": 0.0,
                                                    "children": {
                                                        "steps_from_proto": {
                                                            "total": 0.0005513010110007599,
                                                            "count": 1,
                                                            "is_parallel": true,
                                                            "self": 0.0002397530188318342,
                                                            "children": {
                                                                "_process_vector_observation": {
                                                                    "total": 0.0003115479921689257,
                                                                    "count": 4,
                                                                    "is_parallel": true,